carat;cut;color;clarity;depth;table;price;x;y;z
0.7;Ideal;E;SI1;62.5;57;2757;5.7;5.72;3.57
0.86;Fair;E;SI2;55.1;69;2757;6.45;6.33;3.52
0.7;Ideal;G;VS2;61.6;56;2757;5.7;5.67;3.5
0.71;Very Good;E;VS2;62.4;57;2759;5.68;5.73;3.56
0.78;Very Good;G;SI2;63.8;56;2759;5.81;5.85;3.72
0.7;Good;E;VS2;57.5;58;2759;5.85;5.9;3.38
0.7;Good;F;VS1;59.4;62;2759;5.71;5.76;3.4
0.96;Fair;F;SI2;66.3;62;2759;6.27;5.95;4.07
0.73;Very Good;E;SI1;61.6;59;2760;5.77;5.78;3.56
0.8;Premium;H;SI1;61.5;58;2760;5.97;5.93;3.66
0.75;Very Good;D;SI1;63.2;56;2760;5.8;5.75;3.65
0.75;Premium;E;SI1;59.9;54;2760;6;5.96;3.58
0.74;Ideal;G;SI1;61.6;55;2760;5.8;5.85;3.59
0.75;Premium;G;VS2;61.7;58;2760;5.85;5.79;3.59
0.8;Ideal;I;VS1;62.9;56;2760;5.94;5.87;3.72
0.75;Ideal;G;SI1;62.2;55;2760;5.87;5.8;3.63
0.8;Premium;G;SI1;63;59;2760;5.9;5.81;3.69
0.74;Ideal;I;VVS2;62.3;55;2761;5.77;5.81;3.61
0.81;Ideal;F;SI2;58.8;57;2761;6.14;6.11;3.6
0.59;Ideal;E;VVS2;62;55;2761;5.38;5.43;3.35
0.8;Ideal;F;SI2;61.4;57;2761;5.96;6;3.67
0.74;Ideal;E;SI2;62.2;56;2761;5.8;5.84;3.62
0.9;Premium;I;VS2;63;58;2761;6.16;6.12;3.87
0.74;Very Good;G;SI1;62.2;59;2762;5.73;5.82;3.59
0.73;Ideal;F;VS2;62.6;56;2762;5.77;5.74;3.6
0.73;Ideal;F;VS2;62.7;53;2762;5.8;5.75;3.62
0.8;Premium;F;SI2;61.7;58;2762;5.98;5.94;3.68
0.71;Ideal;G;VS2;62.4;54;2762;5.72;5.76;3.58
0.7;Ideal;E;VS2;60.7;58;2762;5.73;5.76;3.49
0.8;Ideal;F;SI2;59.9;59;2762;6.01;6.07;3.62
0.71;Ideal;D;SI2;62.3;56;2762;5.73;5.69;3.56
0.74;Ideal;E;SI1;62.3;54;2762;5.8;5.83;3.62
0.7;Very Good;F;VS2;61.7;63;2762;5.64;5.61;3.47
0.7;Fair;F;VS2;64.5;57;2762;5.57;5.53;3.58
0.7;Fair;F;VS2;65.3;55;2762;5.63;5.58;3.66
0.7;Premium;F;VS2;61.6;60;2762;5.65;5.59;3.46
0.73;Ideal;D;SI2;59.9;57;2770;5.92;5.89;3.54
0.73;Premium;G;VS2;59.2;59;2770;5.92;5.87;3.49
0.72;Very Good;H;VVS2;60.3;56;2771;5.81;5.83;3.51
0.73;Very Good;F;SI1;61.7;60;2771;5.79;5.82;3.58
0.71;Ideal;G;VS2;61.9;57;2771;5.73;5.77;3.56
0.79;Ideal;F;SI2;61.9;55;2771;5.97;5.92;3.68
0.73;Very Good;H;VVS1;60.4;59;2772;5.83;5.89;3.54
0.8;Very Good;F;SI2;61;57;2772;6.01;6.03;3.67
0.58;Ideal;G;VVS1;61.5;55;2772;5.39;5.44;3.33
0.58;Ideal;F;VVS1;61.7;56;2772;5.33;5.37;3.3
0.71;Good;E;VS2;59.2;61;2772;5.8;5.88;3.46
0.75;Ideal;D;SI2;61.3;56;2773;5.85;5.89;3.6
0.7;Premium;D;VS2;58;62;2773;5.87;5.78;3.38
1.17;Very Good;J;I1;60.2;61;2774;6.83;6.9;4.13
0.6;Ideal;E;VS1;61.7;55;2774;5.41;5.44;3.35
0.7;Ideal;E;SI1;62.7;55;2774;5.68;5.74;3.58
0.83;Good;I;VS2;64.6;54;2774;5.85;5.88;3.79
0.74;Very Good;F;VS2;61.3;61;2775;5.8;5.84;3.57
0.72;Very Good;G;VS2;63.7;56.4;2776;5.62;5.69;3.61
0.71;Premium;E;VS2;62.7;58;2776;5.74;5.68;3.58
0.71;Ideal;E;VS2;62.2;57;2776;5.79;5.62;3.55
0.54;Ideal;E;VVS2;61.6;56;2776;5.25;5.27;3.24
0.54;Ideal;E;VVS2;61.5;57;2776;5.24;5.26;3.23
0.72;Ideal;G;SI1;61.8;56;2776;5.72;5.75;3.55
0.72;Ideal;G;SI1;60.7;56;2776;5.79;5.82;3.53
0.72;Good;G;VS2;59.7;60.5;2776;5.8;5.84;3.47
0.71;Ideal;G;SI1;60.5;56;2776;5.8;5.76;3.5
0.7;Very Good;D;VS1;62.7;58;2777;5.66;5.73;3.57
0.71;Premium;F;VS2;62.1;58;2777;5.67;5.7;3.53
0.71;Very Good;F;VS2;62.8;57;2777;5.64;5.69;3.56
0.71;Good;F;VS2;63.8;58;2777;5.61;5.64;3.59
0.71;Good;F;VS2;57.8;60;2777;5.87;5.9;3.4
0.7;Ideal;E;VS2;62.1;55;2777;5.7;5.67;3.53
0.7;Premium;E;VS2;61.1;60;2777;5.71;5.64;3.47
0.7;Premium;E;SI1;60;59;2777;5.79;5.75;3.46
0.7;Premium;E;SI1;61.2;57;2777;5.73;5.68;3.49
0.7;Premium;E;SI1;62.7;59;2777;5.67;5.63;3.54
0.7;Premium;E;SI1;61;57;2777;5.73;5.68;3.48
0.7;Premium;E;SI1;61;58;2777;5.78;5.72;3.51
0.7;Ideal;E;SI1;61.4;57;2777;5.76;5.7;3.52
0.72;Premium;F;SI1;61.8;61;2777;5.82;5.71;3.56
0.7;Very Good;E;SI1;59.9;63;2777;5.76;5.7;3.43
0.7;Premium;E;SI1;61.3;58;2777;5.71;5.68;3.49
0.7;Premium;E;SI1;60.5;58;2777;5.77;5.74;3.48
0.7;Good;E;VS2;64.1;59;2777;5.64;5.59;3.6
0.98;Fair;H;SI2;67.9;60;2777;6.05;5.97;4.08
0.78;Premium;F;SI1;62.4;58;2777;5.83;5.8;3.63
0.7;Very Good;E;SI1;63.2;60;2777;5.6;5.51;3.51
0.52;Ideal;F;VVS1;61.3;55;2778;5.19;5.22;3.19
0.73;Very Good;H;VS2;60.8;56;2779;5.82;5.84;3.55
0.74;Ideal;E;SI1;61.7;56;2779;5.84;5.8;3.59
0.83;Very Good;E;SI2;58;62;2799;6.19;6.25;3.61
0.82;Ideal;F;SI2;62.4;54;2799;5.97;6.02;3.74
0.78;Ideal;D;SI1;61.9;57;2799;5.91;5.86;3.64
0.6;Very Good;G;IF;61.6;56;2800;5.43;5.46;3.35
0.9;Good;I;SI2;62.2;59;2800;6.07;6.11;3.79
0.7;Premium;E;VS1;62.2;58;2800;5.6;5.66;3.5
0.9;Very Good;I;SI2;61.3;56;2800;6.17;6.23;3.8
0.83;Ideal;G;SI1;62.3;57;2800;5.99;6.08;3.76
0.83;Ideal;G;SI1;61.8;57;2800;6.03;6.07;3.74
0.83;Very Good;H;SI1;62.5;59;2800;5.95;6.02;3.74
0.74;Premium;G;VS1;62.9;60;2800;5.74;5.68;3.59
0.79;Ideal;I;VS1;61.8;59;2800;5.92;5.95;3.67
0.61;Ideal;G;IF;62.3;56;2800;5.43;5.45;3.39
0.76;Fair;G;VS1;59;70;2800;5.89;5.8;3.46
0.96;Ideal;F;I1;60.7;55;2801;6.37;6.41;3.88
0.73;Ideal;F;VS2;62.5;55;2801;5.8;5.76;3.61
0.73;Premium;F;VS2;62.7;58;2801;5.76;5.7;3.59
0.75;Ideal;H;SI1;60.4;57;2801;5.93;5.96;3.59
0.71;Premium;F;VS2;62.1;58;2801;5.7;5.67;3.53
0.71;Good;F;VS2;57.8;60;2801;5.9;5.87;3.4
0.71;Good;F;VS2;63.8;58;2801;5.64;5.61;3.59
0.71;Premium;F;VS2;62.8;57;2801;5.69;5.64;3.56
1.04;Premium;G;I1;62.2;58;2801;6.46;6.41;4
1;Premium;J;SI2;62.3;58;2801;6.45;6.34;3.98
0.87;Very Good;G;SI2;59.9;58;2802;6.19;6.23;3.72
0.53;Ideal;F;IF;61.9;54;2802;5.22;5.25;3.24
0.72;Premium;E;VS2;63;55;2802;5.79;5.61;3.59
0.72;Premium;F;VS1;62.4;58;2802;5.83;5.7;3.6
0.7;Very Good;F;VS2;62.9;58;2803;5.63;5.65;3.55
0.74;Very Good;E;SI1;63.5;56;2803;5.74;5.79;3.66
0.71;Ideal;G;VS2;61.3;56;2803;5.75;5.71;3.51
0.73;Ideal;E;SI1;60.6;54;2803;5.84;5.89;3.55
0.7;Good;G;VS1;65.1;58;2803;5.56;5.59;3.63
0.7;Ideal;F;SI1;61.6;55;2806;5.72;5.74;3.53
0.71;Very Good;F;VS1;62.2;58;2807;5.66;5.72;3.54
0.71;Very Good;F;VS1;60;57;2807;5.84;5.9;3.52
0.93;Premium;J;SI2;61.9;57;2807;6.21;6.19;3.84
0.8;Very Good;H;VS2;62.8;57;2808;5.87;5.91;3.7
0.7;Very Good;F;VS1;62;57;2808;5.64;5.71;3.52
1;Fair;G;I1;66.4;59;2808;6.16;6.09;4.07
0.75;Very Good;G;VS2;63.4;56;2808;5.78;5.74;3.65
0.58;Ideal;E;VVS2;60.9;56;2808;5.41;5.43;3.3
0.73;Very Good;D;SI1;63.1;57;2808;5.74;5.7;3.61
0.81;Very Good;F;SI1;63.1;59;2809;5.85;5.79;3.67
0.81;Premium;D;SI2;59.2;57;2809;6.15;6.05;3.61
0.71;Premium;F;SI1;60.7;54;2809;5.84;5.8;3.53
1.2;Fair;F;I1;64.6;56;2809;6.73;6.66;4.33
0.7;Very Good;F;VS1;61.8;56;2810;5.63;5.7;3.5
0.7;Very Good;F;VS1;59.9;60;2810;5.77;5.84;3.48
0.74;Ideal;D;SI2;61.7;55;2810;5.81;5.85;3.6
0.7;Good;F;VS1;62.8;61;2810;5.57;5.61;3.51
0.8;Good;G;SI1;62.7;57;2810;5.84;5.93;3.69
0.75;Very Good;F;SI1;63.4;58;2811;5.72;5.76;3.64
0.83;Very Good;D;SI1;63.5;54;2811;5.98;5.95;3.79
1;Fair;J;VS2;65.7;59;2811;6.14;6.07;4.01
0.99;Fair;I;SI2;68.1;56;2811;6.21;6.06;4.18
0.7;Very Good;G;VS1;63;60;2812;5.57;5.64;3.53
0.7;Very Good;F;VS2;59.5;58;2812;5.75;5.85;3.45
0.7;Good;E;SI1;63.5;59;2812;5.49;5.53;3.5
0.7;Very Good;F;VS2;61.7;58;2812;5.63;5.69;3.49
0.7;Very Good;F;VS2;62.3;58;2812;5.64;5.72;3.54
0.7;Very Good;F;VS2;60.9;61;2812;5.66;5.71;3.46
0.71;Ideal;D;SI1;62.4;57;2812;5.69;5.72;3.56
0.99;Fair;J;SI1;55;61;2812;6.72;6.67;3.68
0.73;Premium;E;VS2;58.6;60;2812;5.92;5.89;3.46
0.51;Ideal;F;VVS1;62;57;2812;5.15;5.11;3.18
0.91;Premium;G;SI2;59.8;58;2813;6.3;6.29;3.77
0.84;Very Good;E;SI1;63.4;55;2813;6;5.95;3.79
0.91;Good;I;VS2;64.3;58;2813;6.09;6.05;3.9
0.76;Premium;E;SI1;62.2;59;2814;5.86;5.81;3.63
0.76;Ideal;E;SI1;61.7;57;2814;5.88;5.85;3.62
0.75;Premium;E;SI1;61.1;59;2814;5.86;5.83;3.57
0.55;Very Good;D;VVS1;61.5;56;2815;5.23;5.27;3.23
0.76;Very Good;F;SI2;58.5;62;2815;5.93;6.01;3.49
0.74;Premium;G;VS1;61.7;58;2815;5.79;5.81;3.58
0.7;Ideal;H;SI1;60.4;56;2815;5.75;5.81;3.49
0.7;Ideal;H;SI1;61.4;56;2815;5.7;5.76;3.52
0.7;Ideal;H;SI1;61.5;55;2815;5.73;5.79;3.54
0.7;Ideal;H;SI1;61.4;56;2815;5.72;5.77;3.53
0.9;Fair;J;VS2;65;56;2815;6.08;6.04;3.94
0.95;Fair;F;SI2;56;60;2815;6.62;6.53;3.68
0.89;Premium;H;SI2;60.2;59;2815;6.26;6.23;3.76
0.72;Premium;E;VS2;58.3;58;2815;5.99;5.92;3.47
0.96;Fair;E;SI2;53.1;63;2815;6.73;6.65;3.55
1.02;Premium;G;I1;60.3;58;2815;6.55;6.5;3.94
0.78;Very Good;I;VVS2;61.4;56;2816;5.91;5.95;3.64
0.61;Ideal;G;VVS2;60.1;57;2816;5.52;5.54;3.32
0.71;Good;D;VS1;63.4;55;2816;5.61;5.69;3.58
0.78;Premium;F;SI1;61.5;59;2816;5.96;5.88;3.64
0.87;Ideal;H;SI2;62.7;56;2816;6.16;6.13;3.85
0.83;Ideal;H;SI1;62.5;55;2816;6.04;6;3.76
0.71;Premium;E;SI1;61.3;56;2817;5.78;5.73;3.53
0.71;Ideal;I;VVS2;60.2;56;2817;5.84;5.89;3.53
0.71;Ideal;E;VS2;62.7;57;2817;5.66;5.64;3.54
0.71;Premium;E;VS2;62.3;58;2817;5.69;5.65;3.53
0.63;Ideal;F;VVS2;61.5;56;2817;5.48;5.52;3.38
0.71;Premium;E;SI1;59.2;59;2817;5.86;5.83;3.46
0.71;Premium;E;SI1;61.8;59;2817;5.75;5.7;3.54
0.71;Ideal;E;SI1;61.3;55;2817;5.77;5.72;3.52
0.71;Premium;E;SI1;61.4;58;2817;5.77;5.73;3.53
0.9;Ideal;J;VS2;62.8;55;2817;6.2;6.16;3.88
0.71;Good;E;SI1;62.8;64;2817;5.6;5.54;3.5
0.7;Premium;E;VS2;62.4;61;2818;5.66;5.63;3.52
0.7;Premium;E;VS2;59.3;60;2818;5.78;5.73;3.41
0.7;Premium;E;VS2;63;60;2818;5.64;5.6;3.54
1;Premium;H;I1;61.3;60;2818;6.43;6.39;3.93
0.86;Premium;F;SI2;59.3;62;2818;6.36;6.22;3.73
0.8;Ideal;H;SI1;61;57;2818;6.07;6;3.68
0.7;Ideal;E;VS1;62.9;57;2818;5.66;5.61;3.54
0.7;Premium;E;VS1;59.6;57;2818;5.91;5.83;3.5
0.7;Premium;F;VS2;61.8;60;2818;5.69;5.64;3.5
0.7;Premium;E;VS1;62.7;57;2818;5.68;5.64;3.55
1;Fair;H;SI2;65.3;62;2818;6.34;6.12;4.08
0.72;Very Good;G;VS1;63.8;58;2819;5.64;5.68;3.61
0.72;Ideal;H;VS1;62.3;56;2819;5.73;5.77;3.58
0.7;Good;F;VS1;59.7;63;2819;5.76;5.79;3.45
0.86;Good;F;SI2;64.3;60;2819;5.97;5.95;3.83
0.71;Ideal;G;VS1;62.9;58;2820;5.66;5.69;3.57
0.75;Ideal;E;SI1;62;57;2821;5.8;5.78;3.59
0.73;Premium;E;VS2;61.6;59;2821;5.77;5.73;3.54
0.53;Ideal;E;VVS1;61.9;55;2821;5.2;5.21;3.22
0.73;Premium;E;SI1;61.3;58;2821;5.83;5.76;3.55
0.73;Good;E;SI1;63.6;57;2821;5.72;5.7;3.63
0.73;Premium;E;SI1;59.6;61;2821;5.92;5.85;3.51
0.73;Premium;E;SI1;62.2;59;2821;5.77;5.68;3.56
0.73;Premium;D;SI1;61.7;55;2821;5.84;5.82;3.6
0.73;Very Good;E;SI1;63.2;58;2821;5.76;5.7;3.62
0.7;Premium;E;VS1;60.8;60;2822;5.74;5.71;3.48
0.72;Premium;E;VS2;60.3;59;2822;5.84;5.8;3.51
0.72;Premium;E;VS2;60.9;60;2822;5.8;5.76;3.52
0.72;Premium;E;VS2;62.4;59;2822;5.77;5.7;3.58
0.7;Premium;E;VS2;60.2;60;2822;5.73;5.7;3.44
0.6;Ideal;F;VVS2;62;55;2822;5.37;5.4;3.34
0.74;Ideal;I;VVS1;60.8;57;2822;5.85;5.89;3.57
0.73;Ideal;F;SI1;62.1;55;2822;5.75;5.78;3.58
0.71;Premium;D;SI1;62.7;60;2822;5.71;5.67;3.57
0.71;Premium;D;SI1;61.3;58;2822;5.75;5.73;3.52
0.7;Premium;D;SI1;60.2;60;2822;5.82;5.75;3.48
0.7;Ideal;D;SI1;60.7;56;2822;5.75;5.72;3.48
0.9;Good;J;VS2;64;61;2822;6.04;6.03;3.86
0.71;Ideal;D;SI1;60.2;56;2822;5.86;5.83;3.52
0.7;Premium;E;VS2;61.5;59;2822;5.73;5.68;3.51
0.7;Premium;E;VS2;62.6;56;2822;5.71;5.66;3.56
0.7;Ideal;D;SI1;59.7;58;2822;5.82;5.77;3.46
0.7;Good;E;SI1;61.4;64;2822;5.71;5.66;3.49
0.7;Ideal;D;SI1;62.5;57;2822;5.62;5.59;3.51
0.7;Ideal;D;SI1;61.8;56;2822;5.73;5.63;3.51
0.7;Premium;E;VS2;60.7;62;2822;5.72;5.68;3.46
0.7;Premium;F;VS2;60.6;58;2822;5.8;5.72;3.49
0.7;Ideal;D;SI1;61.4;54;2822;5.75;5.71;3.52
0.79;Very Good;D;SI2;62.8;59;2823;5.86;5.9;3.69
0.9;Good;I;SI1;63.8;57;2823;6.06;6.13;3.89
0.71;Premium;E;VS2;62.3;58;2823;5.71;5.66;3.54
0.61;Ideal;E;VVS2;61.3;54;2823;5.51;5.59;3.4
0.9;Fair;H;SI2;65.8;54;2823;6.05;5.98;3.96
0.71;Ideal;E;SI1;60.5;56;2823;5.77;5.73;3.47
0.71;Premium;D;VS2;61.2;59;2824;5.74;5.69;3.5
0.77;Ideal;I;VVS2;62.1;57;2824;5.84;5.86;3.63
0.74;Good;E;VS1;63.1;58;2824;5.73;5.75;3.62
0.82;Ideal;F;SI2;62.4;54;2824;6.02;5.97;3.74
0.82;Premium;E;SI2;60.8;60;2824;6.05;6.03;3.67
0.71;Premium;G;VS1;62.2;59;2825;5.73;5.66;3.54
0.83;Premium;H;SI1;60;59;2825;6.08;6.05;3.64
0.73;Very Good;G;VS1;62;57;2825;5.75;5.8;3.58
0.83;Premium;H;SI1;62.5;59;2825;6.02;5.95;3.74
1.17;Premium;J;I1;60.2;61;2825;6.9;6.83;4.13
0.91;Fair;H;SI2;61.3;67;2825;6.24;6.19;3.81
0.73;Premium;E;VS1;62.6;60;2826;5.75;5.68;0.19
0.53;Ideal;F;VVS1;61.8;57;2830;5.16;5.19;3.2
0.8;Ideal;I;VS2;62.1;54.4;2830;5.94;5.99;3.7
0.9;Premium;G;SI1;60.6;62;2830;6.21;6.13;3.74
0.76;Very Good;E;SI2;60.8;60;2831;5.89;5.98;3.61
0.72;Ideal;E;SI1;62.3;57;2831;5.7;5.76;3.57
0.75;Ideal;E;SI1;61.4;57;2831;5.82;5.87;3.59
0.72;Premium;E;SI1;62.1;58;2831;5.73;5.76;3.57
0.79;Ideal;G;SI1;61.8;56;2831;5.93;5.91;3.66
0.8;Ideal;G;VS2;62.2;56;2834;5.94;5.87;3.67
0.8;Ideal;H;VS2;62.8;57;2834;5.91;5.87;3.7
0.51;Very Good;D;VVS1;59.9;58;2834;5.16;5.19;3.1
0.53;Ideal;F;VVS1;61.4;57;2834;5.2;5.23;3.2
0.78;Ideal;I;VS2;61.8;55;2834;5.92;5.95;3.67
0.9;Very Good;J;SI1;63.4;54;2834;6.17;6.14;3.9
0.9;Fair;G;SI2;65.3;59;2834;6.07;6;3.94
0.77;Ideal;E;SI2;60.7;55;2834;6.01;5.95;3.63
0.73;Ideal;F;VS1;61.2;56;2835;5.89;5.81;3.58
0.63;Ideal;F;VVS2;61.9;57;2835;5.47;5.51;3.4
0.7;Ideal;E;VS2;61.5;54;2835;5.7;5.75;3.52
0.72;Ideal;E;VS2;62.8;57;2835;5.71;5.73;3.59
0.72;Ideal;E;SI1;61;57;2835;5.78;5.8;3.53
0.75;Premium;F;VS2;59.6;59;2835;6.04;5.94;3.57
0.82;Very Good;H;SI1;60.7;56;2836;6.04;6.06;3.67
0.71;Good;E;VS2;62.8;60;2836;5.6;5.65;3.53
0.7;Premium;E;VS1;62.6;59;2837;5.69;5.66;3.55
0.7;Ideal;E;VS1;61.8;56;2837;5.74;5.69;3.53
0.71;Ideal;F;SI1;59.8;53;2838;5.86;5.82;3.49
0.76;Very Good;H;SI1;60.9;55;2838;5.92;5.94;3.61
0.82;Fair;F;SI1;64.9;58;2838;5.83;5.79;3.77
0.72;Premium;F;VS1;58.8;60;2838;5.91;5.89;3.47
0.7;Premium;F;VS2;62.3;58;2838;5.72;5.64;3.54
0.7;Premium;F;VS2;61.7;58;2838;5.69;5.63;3.49
0.7;Premium;G;VS1;62.6;55;2838;5.73;5.64;3.56
0.7;Premium;F;VS2;59.4;61;2838;5.83;5.79;3.45
0.7;Very Good;E;SI1;63.5;59;2838;5.53;5.49;3.5
0.7;Premium;F;VS2;60.9;61;2838;5.71;5.66;3.46
0.7;Premium;F;VS2;59.5;58;2838;5.85;5.75;3.45
0.7;Premium;G;VS1;63;60;2838;5.64;5.57;3.53
0.74;Very Good;E;SI1;60;57;2839;5.85;5.89;3.52
0.71;Ideal;F;VS1;61.5;57;2839;5.74;5.71;3.52
0.7;Ideal;F;VS1;61.6;54;2839;5.75;5.72;3.53
0.71;Ideal;F;VS1;62.1;55;2839;5.82;5.68;3.57
0.71;Premium;F;VS1;59.1;61;2839;5.84;5.81;3.44
0.71;Premium;F;VS1;59;60;2839;5.82;5.8;3.43
0.71;Premium;F;VS1;60.5;58;2839;5.75;5.72;3.47
0.7;Ideal;F;VS1;62.4;53;2839;5.73;5.71;3.57
0.73;Ideal;G;VS2;61.8;54;2839;5.8;5.82;3.59
0.7;Ideal;E;VS2;62.1;54;2839;5.69;5.72;3.54
0.7;Ideal;G;VS1;61.3;57;2839;5.71;5.74;3.51
0.71;Premium;G;VVS2;60.3;58;2839;5.82;5.78;3.5
0.71;Premium;F;VS1;59.2;58;2839;5.87;5.82;3.46
0.79;Premium;G;VS2;59.3;62;2839;6.09;6.01;3.59
0.71;Premium;F;VS1;62.7;59;2839;5.7;5.62;3.55
0.77;Very Good;H;VS1;61;60;2840;5.9;5.87;3.59
0.75;Very Good;F;SI2;59.8;56;2840;5.85;5.92;3.52
0.7;Ideal;F;SI1;61;56;2840;5.75;5.8;3.52
0.71;Premium;F;VS2;59.3;56;2840;5.88;5.82;3.47
0.92;Ideal;D;SI2;61.9;56;2840;6.27;6.2;3.86
0.83;Premium;F;SI2;61.4;59;2840;6.08;6.04;3.72
0.7;Premium;H;VVS1;59.2;60;2840;5.87;5.78;3.45
0.73;Premium;F;VS2;60.3;59;2841;5.9;5.87;3.55
0.71;Very Good;D;VS1;63.4;55;2841;5.69;5.61;3.58
0.73;Very Good;D;SI1;63.9;57;2841;5.66;5.71;3.63
0.82;Ideal;F;SI2;61.7;53;2841;6;6.12;3.74
0.82;Ideal;F;SI2;62.3;56;2841;5.96;6.02;3.73
0.82;Very Good;F;SI2;59.7;57;2841;6.12;6.14;3.66
0.52;Ideal;F;VVS1;61.2;56;2841;5.19;5.21;3.18
1;Premium;F;I1;58.9;60;2841;6.6;6.55;3.87
0.95;Fair;G;SI1;66.7;56;2841;6.16;6.03;4.06
0.73;Ideal;D;SI1;61.4;57;2841;5.76;5.8;3.55
0.73;Premium;F;VS2;59.9;59;2841;5.87;5.77;3.5
0.73;Premium;G;VS1;61.4;58;2841;5.82;5.77;3.56
0.8;Ideal;I;VS1;62.6;54;2842;5.92;5.96;3.72
0.7;Premium;F;VS2;58.7;61;2842;5.8;5.72;3.38
0.7;Very Good;E;VS2;60.2;62;2843;5.71;5.75;3.45
0.7;Very Good;E;VS2;62.7;58;2843;5.65;5.67;3.55
0.71;Very Good;E;VS2;59.4;58;2843;5.76;5.82;3.44
0.81;Very Good;F;SI2;63.2;58;2843;5.91;5.92;3.74
0.71;Very Good;D;SI1;61.5;58;2843;5.73;5.79;3.54
0.73;Ideal;G;VVS2;61.3;57;2843;5.81;5.84;3.57
0.73;Very Good;F;VS1;61.8;59;2843;5.73;5.79;3.56
0.72;Ideal;E;VS2;62;57;2843;5.71;5.74;3.55
0.81;Ideal;F;SI2;62.1;57;2843;5.91;5.95;3.68
0.71;Ideal;G;VVS2;60.7;57;2843;5.81;5.78;3.52
0.73;Very Good;E;SI1;57.7;61;2844;5.92;5.96;3.43
0.7;Very Good;E;VS1;62;59;2844;5.65;5.68;3.51
1.01;Ideal;I;I1;61.5;57;2844;6.45;6.46;3.97
1.01;Good;I;I1;63.1;57;2844;6.35;6.39;4.02
0.79;Ideal;H;VS2;62.5;57;2844;5.91;5.93;3.7
0.7;Very Good;E;VS2;61.8;59;2845;5.65;5.68;3.5
0.7;Very Good;E;VS2;58.9;60;2845;5.83;5.85;3.44
0.8;Good;H;VS2;63.4;60;2845;5.92;5.82;3.72
1.27;Premium;H;SI2;59.3;61;2845;7.12;7.05;3
1;Fair;H;SI2;66.1;56;2856;6.21;5.97;4.04
0.77;Premium;F;SI1;60.8;59;2856;5.92;5.86;3.58
0.77;Premium;F;SI1;61;58;2856;5.94;5.9;3.61
0.7;Good;E;VVS2;60.1;63;2857;5.68;5.71;3.42
0.9;Very Good;G;SI2;63.1;58;2857;6.08;6.02;3.82
0.72;Ideal;E;SI1;62.3;57;2857;5.76;5.7;3.57
0.9;Premium;I;VS2;61.9;59;2857;6.2;6.14;3.82
0.72;Premium;E;SI1;62.1;58;2857;5.76;5.73;3.57
0.7;Ideal;G;VVS2;62.1;56;2858;5.63;5.71;3.52
0.81;Very Good;F;SI1;61.3;57;2858;6.02;6.05;3.7
0.81;Very Good;F;SI1;61.7;57;2858;6;6.05;3.72
0.71;Premium;E;VS2;61;60;2858;5.76;5.69;3.49
0.7;Premium;E;VS2;61.4;59;2858;5.73;5.7;3.51
0.71;Premium;E;VS2;61.5;60;2858;5.76;5.68;3.52
0.71;Very Good;E;VS2;63.5;59;2858;5.68;5.59;3.58
0.92;Premium;J;SI1;62.9;58;2858;6.22;6.18;3.9
0.76;Ideal;E;SI1;62.7;54;2858;5.88;5.83;3.67
0.73;Ideal;D;SI1;61.5;56;2858;5.84;5.8;3.58
0.71;Premium;D;VS2;60.4;62;2858;5.74;5.72;3.46
0.7;Good;E;VVS2;63.6;62;2858;5.61;5.58;3.56
0.9;Fair;G;SI2;64.5;56;2858;6.06;6;3.89
0.71;Fair;D;VS2;56.9;65;2858;5.89;5.84;3.34
0.7;Ideal;D;VS2;61;57;2859;5.76;5.74;3.51
0.7;Premium;D;VS2;62.4;56;2859;5.72;5.66;3.55
0.77;Premium;F;VS1;60.9;60;2859;5.91;5.88;3.59
0.71;Ideal;G;VS1;61.5;56;2859;5.74;5.78;3.54
0.7;Premium;D;VS2;59.6;61;2859;5.8;5.77;3.45
0.75;Fair;F;VS1;55.8;70;2859;6.09;5.98;3.37
0.83;Premium;E;SI2;59.2;60;2859;6.17;6.12;3.64
0.71;Very Good;F;VS2;61.3;61;2860;5.68;5.73;3.5
0.9;Very Good;J;SI2;63.6;58;2860;6.07;6.1;3.87
0.6;Ideal;E;VVS2;61.9;54.9;2860;5.41;5.44;3.35
0.71;Premium;D;VS1;62.9;57;2860;5.66;5.6;3.54
0.52;Ideal;F;VVS1;61.2;56;2867;5.21;5.19;3.18
0.82;Ideal;F;SI2;61.7;53;2867;6.12;6;3.74
0.82;Ideal;F;SI2;62.3;56;2867;6.02;5.96;3.73
0.82;Premium;F;SI2;59.7;57;2867;6.14;6.12;3.66
0.8;Ideal;G;SI1;61.3;57;2867;5.96;5.91;3.64
0.75;Very Good;D;SI1;60.7;55;2872;5.87;5.92;3.58
1.02;Ideal;I;I1;61.7;56;2872;6.44;6.49;3.99
0.7;Very Good;G;SI2;59;62;2872;5.79;5.81;3.42
0.7;Ideal;D;SI1;61.8;56;2872;5.63;5.73;3.51
0.7;Good;E;SI1;61.4;64;2872;5.66;5.71;3.49
0.7;Ideal;D;SI1;61.4;54;2872;5.71;5.75;3.52
0.7;Ideal;D;SI1;60.7;56;2872;5.72;5.75;3.48
0.7;Very Good;D;SI1;60.2;60;2872;5.75;5.82;3.48
0.72;Very Good;E;VS2;58.3;57;2872;5.89;5.94;3.45
0.74;Ideal;E;SI1;62.3;58;2872;5.74;5.78;3.59
0.84;Good;G;SI1;65.1;55;2872;5.88;5.97;3.86
1;Fair;H;SI2;69.5;55;2875;6.17;6.1;4.26
0.73;Premium;E;VS1;62.6;60;2876;5.68;5.75;3.58
0.79;Premium;E;VS2;60.6;53;2876;6.04;5.98;3.64
0.72;Very Good;H;VS1;62.2;54;2877;5.74;5.76;3.57
0.71;Ideal;E;VS1;62.4;56;2877;5.75;5.7;3.57
0.74;Ideal;G;VS2;62.3;55;2877;5.8;5.83;3.62
0.7;Good;H;VVS1;62.7;56;2877;5.6;5.66;3.53
0.7;Good;F;VS1;59.1;62;2877;5.82;5.86;3.44
0.79;Very Good;F;SI1;62.8;59;2878;5.86;5.89;3.69
0.79;Very Good;F;SI1;62.7;60;2878;5.82;5.89;3.67
0.79;Very Good;D;SI2;59.7;58;2878;6;6.07;3.6
0.71;Ideal;I;VS2;61.5;55;2878;5.76;5.78;3.55
0.79;Ideal;F;SI1;62.8;56;2878;5.88;5.9;3.7
0.73;Very Good;F;SI1;61.4;56;2879;5.81;5.86;3.58
0.63;Premium;E;IF;60.3;62;2879;5.55;5.53;3.34
0.7;Premium;F;VS1;60.4;60;2879;5.73;5.7;3.45
0.71;Premium;F;VS1;62.7;58;2879;5.71;5.67;3.57
0.84;Ideal;G;SI2;61;56;2879;6.13;6.1;3.73
0.84;Ideal;G;SI2;62.3;55;2879;6.08;6.03;3.77
1.02;Ideal;J;SI2;60.3;54;2879;6.53;6.5;3.93
0.72;Fair;F;VS1;56.9;69;2879;5.93;5.77;3.33
0.72;Ideal;F;VS1;62;56;2879;5.76;5.73;3.56
0.92;Very Good;J;SI2;58.7;61;2880;6.34;6.43;3.75
0.74;Very Good;D;SI1;63.9;57;2880;5.72;5.74;3.66
0.7;Ideal;H;VVS1;62;55;2881;5.74;5.71;3.55
0.71;Very Good;E;VS2;60;59;2881;5.84;5.83;3.5
1.05;Premium;H;I1;62;59;2881;6.5;6.47;4.02
0.7;Very Good;H;IF;62.8;56;2882;5.62;5.65;3.54
0.54;Ideal;F;VVS1;61.8;56;2882;5.23;5.26;3.24
0.73;Premium;F;VS2;59.9;58;2882;5.87;5.84;3.51
0.88;Fair;F;SI1;56.6;65;2882;6.39;6.32;3.6
0.73;Premium;F;VS2;58.7;57;2882;5.97;5.92;3.49
0.72;Ideal;D;SI1;61.8;56;2883;5.75;5.81;3.57
0.9;Good;H;SI2;62.7;64;2883;6.09;6;3.79
0.9;Fair;H;SI2;65;61;2883;6.01;5.96;3.89
1.03;Fair;I;SI2;65.3;55;2884;6.32;6.27;4.11
0.84;Very Good;F;SI1;63.8;57;2885;5.95;6;3.81
1.01;Premium;I;SI1;62.7;60;2885;6.36;6.27;3.96
0.77;Ideal;D;SI2;61.5;55;2885;5.9;5.93;3.64
0.8;Fair;E;SI1;56.3;63;2885;6.22;6.14;3.48
0.9;Fair;D;SI2;66.9;57;2885;6.02;5.9;3.99
0.73;Ideal;E;SI1;61.4;56;2886;5.79;5.81;3.56
0.72;Ideal;E;SI1;62.7;55;2886;5.64;5.69;3.55
0.71;Very Good;D;SI1;62.4;54;2887;5.71;5.79;3.59
0.7;Premium;E;VS1;62.6;59;2887;5.66;5.69;3.55
0.79;Ideal;I;VS1;61.7;59;2888;5.93;5.96;3.67
0.72;Very Good;G;VVS2;62.5;58;2889;5.68;5.72;3.56
0.7;Very Good;E;VS2;63.5;54;2889;5.62;5.66;3.58
0.7;Very Good;F;VS1;62.2;58;2889;5.64;5.75;3.54
0.9;Good;H;SI2;63.5;58;2889;6.09;6.14;3.88
0.71;Very Good;F;VS1;62.8;56;2889;5.69;5.72;3.58
0.5;Ideal;E;VVS2;62.2;54;2889;5.08;5.12;3.17
0.5;Ideal;E;VVS2;62.2;54;2889;5.09;5.11;3.17
0.74;Ideal;F;SI1;61.2;56;2889;5.83;5.87;3.58
0.77;Premium;F;VS2;61.8;56;2889;5.94;5.9;3.66
0.77;Premium;E;SI1;59.8;61;2889;5.99;5.95;3.57
0.8;Ideal;F;SI1;61.5;54;2890;6.07;6;3.71
0.8;Ideal;F;SI1;62.4;57;2890;5.9;5.87;3.67
0.8;Premium;F;SI1;61.5;60;2890;5.97;5.94;3.66
0.8;Good;F;SI1;63.8;59;2890;5.87;5.83;3.73
0.66;Ideal;G;VVS1;61.5;56;2890;5.61;5.58;3.44
0.71;Very Good;E;VS2;61.2;58;2891;5.71;5.79;3.52
0.71;Ideal;F;VS2;61.2;56;2891;5.73;5.77;3.52
0.71;Ideal;E;VS2;61.6;56;2891;5.74;5.76;3.54
0.71;Ideal;E;VS2;62.7;56;2891;5.71;5.75;3.59
0.72;Ideal;D;SI1;61.1;56;2891;5.78;5.81;3.54
0.71;Good;D;VS2;62.3;61;2891;5.7;5.73;3.56
0.86;Ideal;H;SI2;61.8;55;2892;6.12;6.14;3.79
1.19;Fair;H;I1;65.1;59;2892;6.62;6.55;4.29
0.71;Very Good;F;VS1;62.6;55;2893;5.66;5.71;3.56
0.82;Very Good;G;SI2;62.5;56;2893;5.99;6.04;3.76
0.71;Ideal;G;VVS2;61.5;57;2893;5.73;5.75;3.53
0.75;Ideal;F;VS2;62.5;57;2893;5.78;5.83;3.63
0.7;Very Good;H;VVS1;59.2;60;2893;5.87;5.78;3.45
0.8;Ideal;G;SI2;62.5;55;2893;5.89;5.92;3.69
0.82;Good;G;SI2;59.9;62;2893;6.02;6.04;3.61
0.82;Very Good;G;SI1;63.4;55;2893;6;5.93;3.78
0.82;Premium;G;SI1;59.9;59;2893;6.09;6.06;3.64
0.81;Very Good;E;SI2;62.4;57;2894;5.91;5.99;3.71
0.81;Ideal;G;SI2;62.2;57;2894;5.96;6;3.72
0.76;Ideal;F;SI1;61.4;56;2894;5.88;5.92;3.62
0.71;Very Good;G;VS2;60.9;56;2895;5.75;5.78;3.51
0.7;Very Good;F;VS1;61.8;59;2895;5.66;5.76;3.53
0.7;Ideal;G;VVS2;62.1;53;2895;5.71;5.75;3.56
0.74;Very Good;G;VS1;59.8;58;2896;5.85;5.89;3.51
0.77;Very Good;G;VS2;61.3;60;2896;5.81;5.91;3.59
0.77;Very Good;G;VS2;58.3;63;2896;6;6.05;3.51
0.53;Ideal;F;VVS1;61.6;56;2896;5.18;5.24;3.21
0.79;Ideal;D;SI1;61.5;56;2896;5.91;5.96;3.65
0.73;Ideal;E;SI2;61.5;55;2896;5.82;5.86;3.59
0.77;Ideal;D;SI2;62.1;56;2896;5.83;5.89;3.64
0.77;Premium;E;SI1;60.9;58;2896;5.94;5.88;3.6
1.01;Very Good;I;I1;63.1;57;2896;6.39;6.35;4.02
1.01;Ideal;I;I1;61.5;57;2896;6.46;6.45;3.97
0.6;Very Good;D;VVS2;60.6;57;2897;5.48;5.51;3.33
0.76;Premium;E;SI1;61.1;58;2897;5.91;5.85;3.59
0.54;Ideal;D;VVS2;61.4;52;2897;5.3;5.34;3.26
0.72;Ideal;E;SI1;62.5;55;2897;5.69;5.74;3.57
0.72;Good;F;VS1;59.4;61;2897;5.82;5.89;3.48
0.74;Premium;D;VS2;61.8;58;2897;5.81;5.77;3.58
1.12;Premium;J;SI2;60.6;59;2898;6.68;6.61;4.03
0.75;Ideal;D;SI1;62.3;55;2898;5.83;5.8;3.62
0.77;Ideal;D;SI1;62.6;57;2898;5.92;5.81;3.67
0.98;Good;H;SI2;57.9;56;2898;6.51;6.47;3.76
0.79;Ideal;G;SI1;61.1;57;2898;5.98;5.93;3.64
0.79;Ideal;G;SI1;62.3;57;2898;5.9;5.85;3.66
0.79;Ideal;G;SI1;62.3;57;2898;5.9;5.85;3.66
0.79;Ideal;G;SI1;62.3;57;2898;5.9;5.85;3.66
0.79;Ideal;G;SI1;62.3;57;2898;5.9;5.85;3.66
0.79;Ideal;G;SI1;62.3;57;2898;5.9;5.85;3.66
0.7;Good;G;VVS1;59.9;61;2899;5.75;5.81;3.46
0.7;Very Good;F;SI1;61.9;58;2900;5.71;5.72;3.54
0.72;Premium;D;VS1;62.7;58;2900;5.68;5.65;3.55
0.8;Premium;F;SI1;62.7;58;2901;5.91;5.93;3.71
0.81;Ideal;E;SI2;63;56;2901;5.95;5.9;3.73
0.81;Premium;E;SI2;62.5;59;2901;5.97;5.9;3.71
0.74;Ideal;E;VS2;61.9;57;2901;5.81;5.78;3.59
0.73;Premium;E;VS2;62;60;2902;5.76;5.73;3.56
0.73;Ideal;E;VS2;61.4;55;2902;5.82;5.8;3.57
0.75;Ideal;G;SI1;61.6;55;2902;5.82;5.86;3.6
0.71;Fair;E;VS2;64.6;59;2902;5.62;5.59;3.62
0.71;Premium;E;VS2;59.6;60;2902;5.85;5.8;3.47
0.75;Premium;D;SI1;62.8;60;2903;5.78;5.74;3.62
0.75;Ideal;D;SI1;62.3;57;2903;5.83;5.8;3.62
0.72;Ideal;D;SI1;61.9;55;2903;5.78;5.75;3.57
0.72;Premium;D;SI1;61.4;59;2903;5.79;5.71;3.53
0.72;Premium;E;VS2;61.1;59;2903;5.8;5.75;3.53
0.79;Very Good;F;SI1;63;54;2904;5.91;5.94;3.73
0.79;Very Good;D;SI2;62.8;57;2904;5.85;5.9;3.69
0.7;Very Good;E;VS1;58.4;59;2904;5.83;5.91;3.43
0.62;Ideal;E;VVS2;62;56;2904;5.48;5.52;3.41
0.7;Very Good;G;VVS2;59.3;62;2905;5.78;5.82;3.44
0.7;Very Good;G;VVS2;63.4;59;2905;5.62;5.64;3.57
0.7;Very Good;G;VVS2;63.3;59;2905;5.59;5.62;3.55
0.71;Very Good;G;VS2;62.1;58;2905;5.65;5.71;3.53
0.86;Very Good;I;VS1;61.2;58;2905;6.1;6.16;3.75
0.53;Ideal;D;VVS1;62.5;54;2905;5.16;5.21;3.24
0.91;Very Good;J;SI1;63.5;58;2905;6.17;6.12;3.9
0.95;Good;I;SI2;63.8;57;2905;6.23;6.13;3.94
0.91;Premium;J;SI1;62.8;59;2905;6.19;6.14;3.87
0.74;Very Good;D;VS2;62.4;57;2906;5.74;5.8;3.6
0.8;Ideal;I;VS1;62.2;58;2906;5.92;5.95;3.69
0.74;Good;E;SI1;62.8;61;2906;5.74;5.76;3.61
0.61;Ideal;E;VVS2;62.4;53.9;2907;5.42;5.43;3.38
0.61;Ideal;E;VVS2;62.4;53.6;2907;5.42;5.45;3.39
0.61;Ideal;E;VVS2;62.1;54.2;2907;5.43;5.45;3.38
0.72;Ideal;H;VVS1;62.8;57;2907;5.68;5.72;3.58
0.7;Ideal;F;VS2;62.3;53;2907;5.69;5.73;3.56
0.71;Ideal;F;VS1;61.9;56;2907;5.7;5.74;3.54
0.79;Ideal;G;SI1;60.3;60;2907;5.98;6.02;3.62
0.72;Ideal;E;SI1;62.6;56;2907;5.7;5.73;3.58
0.7;Ideal;I;VS1;61.5;56;2924;5.71;5.75;3.52
0.8;Very Good;D;SI1;58.2;63;2925;6.07;6.03;3.52
0.7;Very Good;F;VS1;64.5;58;2925;5.55;5.59;3.59
0.51;Very Good;E;IF;63.3;58;2925;5.03;5.08;3.2
0.71;Ideal;I;IF;61.5;56;2925;5.74;5.77;3.54
1.02;Ideal;I;I1;61.7;56;2925;6.49;6.44;3.99
1.2;Premium;I;I1;60.5;58;2925;6.9;6.79;4.14
0.81;Good;D;SI2;63.6;55;2926;5.91;5.86;3.74
0.81;Premium;F;SI1;61.2;56;2926;6.03;6;3.68
0.81;Premium;F;SI1;61.3;60;2926;6;5.94;3.66
0.77;Very Good;H;VS1;63.3;57;2927;5.79;5.83;3.68
0.8;Ideal;I;SI1;59.4;58;2927;6.07;6.09;3.61
0.9;Premium;H;SI2;59.5;60;2927;6.32;6.29;3.75
0.7;Very Good;F;VS2;61.3;54;2928;5.72;5.76;3.52
0.7;Very Good;D;VS2;60.8;59;2928;5.67;5.71;3.46
0.74;Very Good;E;SI1;61;58;2929;5.82;5.85;3.56
0.8;Very Good;G;VS2;61.1;57;2929;6.01;6.07;3.69
0.7;Ideal;G;VS2;61.8;57;2929;5.68;5.71;3.52
0.7;Ideal;E;SI1;60.1;57;2929;5.78;5.83;3.49
0.71;Very Good;E;VS2;61.3;60;2930;5.74;5.71;3.51
0.7;Premium;E;VS1;60.3;58;2930;5.7;5.74;3.45
0.7;Ideal;E;VS1;62.3;54;2930;5.67;5.72;3.55
0.73;Premium;F;VS2;59.9;58;2933;5.84;5.87;3.51
0.75;Ideal;F;VS2;62.3;57;2933;5.81;5.87;3.64
0.75;Good;D;SI2;57.6;56;2933;5.98;6.07;3.47
0.9;Good;H;SI2;62.7;64;2934;6;6.09;3.79
0.71;Ideal;D;SI2;62;54;2934;5.77;5.74;3.57
0.91;Premium;H;SI1;60.2;52;2935;6.27;6.15;3.74
1.17;Fair;I;I1;65.4;62;2935;6.68;6.57;4.33
0.8;Premium;H;VS1;62;60;2935;5.92;5.86;3.65
0.7;Very Good;G;VVS2;61.8;60;2936;5.63;5.69;3.5
0.81;Very Good;H;SI1;60.2;58;2936;6.06;6.1;3.66
0.74;Ideal;F;VS2;60.5;59;2936;5.81;5.86;3.53
0.7;Ideal;D;SI2;62.6;54;2936;5.69;5.72;3.57
0.82;Ideal;E;SI2;62.1;56;2937;6.01;5.98;3.72
0.76;Premium;E;SI1;58.3;62;2937;6.12;5.95;3.52
0.76;Premium;G;VS1;59.6;57;2937;6.01;5.91;3.55
0.95;Premium;G;SI2;58.8;60;2937;6.35;6.31;3.72
0.71;Very Good;H;VVS1;62.7;57;2938;5.66;5.72;3.57
0.71;Very Good;H;VVS1;62.7;59;2938;5.65;5.67;3.55
0.81;Ideal;E;SI2;60.2;57;2938;6.1;6.06;3.66
0.73;Very Good;F;VS2;62.7;58;2939;5.73;5.75;3.6
0.73;Very Good;G;VS1;60.7;57;2939;5.76;5.83;3.52
0.83;Very Good;F;SI2;61.9;56;2939;5.99;6.02;3.72
0.77;Premium;D;SI1;59.5;60;2939;6.01;5.95;3.56
0.8;Ideal;E;SI2;60.8;56;2939;6.02;6.01;3.66
0.73;Ideal;F;VS2;62.7;58;2939;5.72;5.77;3.6
0.72;Ideal;E;SI2;62.4;57;2939;5.71;5.74;3.57
0.75;Ideal;G;VS2;60.6;55;2939;5.93;5.91;3.59
0.8;Premium;E;SI2;59.9;58;2939;6.03;5.96;3.59
0.81;Ideal;I;VS2;61.8;56;2939;6.02;5.99;3.71
0.82;Premium;H;VS2;62.6;59;2939;5.99;5.93;3.73
0.7;Good;F;VVS2;63.1;57;2940;5.59;5.66;3.55
1.24;Very Good;J;I1;61.9;55;2940;6.85;6.92;4.26
0.7;Very Good;F;VVS2;62.6;59;2940;5.6;5.64;3.52
0.7;Ideal;F;VS1;61.2;54;2940;5.92;5.64;3.54
0.75;Fair;E;VS2;56;67;2940;6.18;6.08;3.43
1;Good;H;I1;57.6;61;2940;6.67;6.6;3.82
0.75;Ideal;E;VS2;61.6;57;2940;5.84;5.81;3.59
0.7;Ideal;E;VS2;61.5;56;2940;5.73;5.68;3.51
0.79;Very Good;E;SI2;59.2;59;2941;6.04;6.06;3.58
0.8;Good;F;SI1;63.8;59;2941;5.83;5.87;3.73
0.81;Very Good;F;SI2;62.7;58;2942;5.92;5.95;3.72
0.71;Premium;F;VS1;61.1;58;2942;5.76;5.72;3.51
1.03;Fair;G;SI2;65.7;59;2942;6.3;6.24;4.12
0.7;Ideal;F;VS2;60.8;56;2942;5.78;5.79;3.52
0.76;Premium;D;SI1;61.6;59;2942;5.84;5.82;3.59
1.01;Fair;G;SI2;67.1;59;2942;6.27;6.19;4.18
0.73;Ideal;D;SI1;61.4;56;2943;5.82;5.78;3.56
0.72;Ideal;F;VS2;62;56;2943;5.77;5.75;3.57
0.74;Very Good;H;VVS2;61.3;58;2944;5.8;5.85;3.57
0.79;Ideal;G;SI1;61.6;55;2944;5.96;5.98;3.68
0.57;Very Good;D;VVS1;60.4;57;2945;5.39;5.44;3.27
0.79;Very Good;H;VS2;61.5;55;2945;5.89;5.94;3.64
0.78;Very Good;D;SI1;62.4;58;2945;5.86;5.9;3.67
0.85;Good;G;SI1;64.9;56;2945;5.95;5.98;3.87
0.71;Very Good;E;VS1;63.3;59;2946;5.64;5.67;3.58
0.71;Very Good;E;VS1;62.7;57;2946;5.69;5.73;3.58
0.72;Ideal;H;VVS1;62.2;56;2946;5.72;5.75;3.57
0.72;Ideal;H;VVS1;62.5;57;2946;5.7;5.73;3.57
0.77;Ideal;I;SI1;61.5;56;2946;5.9;5.93;3.64
0.79;Ideal;E;SI1;62.3;55;2946;5.9;5.94;3.69
0.78;Very Good;H;VS1;61.7;56;2947;5.92;5.94;3.66
0.76;Ideal;E;VS1;62.1;57;2947;5.82;5.87;3.63
0.92;Ideal;H;SI2;58.5;57;2947;6.37;6.34;3.72
0.73;Premium;D;VS2;60.9;59;2947;5.82;5.77;3.53
0.7;Ideal;H;VVS1;61.2;57;2947;5.69;5.72;3.49
0.7;Ideal;H;VVS1;60.5;58;2947;5.76;5.81;3.5
0.74;Ideal;I;VS1;62;56;2947;5.79;5.82;3.6
0.74;Ideal;I;VS1;61.1;57;2947;5.83;5.86;3.57
0.73;Ideal;D;SI1;61.2;57;2947;5.79;5.81;3.55
0.82;Good;H;VS2;62.4;54;2947;5.97;6.04;3.75
0.9;Premium;I;SI1;60.9;56;2947;6.26;6.21;3.8
0.73;Ideal;G;VS1;61.7;55;2948;5.8;5.84;3.59
0.7;Ideal;E;SI1;62;56;2948;5.68;5.7;3.53
0.9;Premium;I;SI2;62.5;58;2948;6.15;6.1;3.83
0.9;Fair;I;SI2;66.4;60;2948;5.92;5.86;3.91
0.9;Premium;I;SI2;60.6;60;2948;6.28;6.23;3.79
0.9;Ideal;I;SI2;62;56;2948;6.2;6.16;3.83
1;Fair;E;SI2;65.8;58;2948;6.28;6.16;4.09
0.72;Very Good;E;VS2;63;56;2949;5.66;5.73;3.59
0.76;Ideal;G;VS2;61.7;54;2954;5.88;5.92;3.64
0.89;Premium;I;VS1;62.2;62;2955;6.14;6.02;3.78
0.79;Premium;G;VS2;62.3;58;2959;5.92;5.89;3.68
0.82;Ideal;I;SI1;61.8;55;2959;6;6.03;3.72
0.74;Fair;G;VVS2;65.2;58;2959;5.7;5.6;3.69
0.71;Very Good;H;VVS2;61.8;56;2960;5.7;5.73;3.53
0.7;Very Good;D;VS2;63;56;2960;5.61;5.69;3.56
0.7;Good;D;VS2;63.4;57;2960;5.6;5.67;3.57
0.7;Ideal;D;VS2;61.3;57;2960;5.72;5.76;3.52
0.76;Ideal;F;VS2;62.6;56;2960;5.82;5.78;3.63
0.72;Ideal;G;VS2;61.3;56;2960;5.77;5.81;3.55
0.64;Ideal;G;IF;61.7;58;2960;5.52;5.56;3.42
0.71;Good;F;VVS2;58.9;61;2960;5.8;5.9;3.44
0.74;Ideal;G;VS1;61.8;55;2960;5.85;5.8;3.6
0.77;Very Good;H;VS1;62.8;58;2961;5.75;5.78;3.62
0.74;Ideal;H;VVS2;61.2;57;2961;5.79;5.85;3.56
0.72;Premium;E;VS1;61.5;60;2961;5.79;5.75;3.55
0.73;Premium;F;VS1;61.9;56;2961;5.81;5.76;3.58
0.73;Premium;F;VS1;62.7;56;2961;5.75;5.73;3.6
0.63;Ideal;F;VVS2;62.3;56;2961;5.48;5.5;3.42
0.72;Ideal;H;VS1;61.1;57;2961;5.8;5.82;3.55
0.76;Ideal;E;SI1;60.6;57;2961;5.91;5.93;3.59
0.71;Premium;F;VS1;62.1;53;2961;5.77;5.7;3.56
0.75;Premium;H;VS1;61.9;61;2961;5.85;5.82;3.61
0.96;Premium;E;SI2;60.4;56;2961;6.32;6.23;3.79
0.63;Ideal;D;VVS2;62.6;56;2962;5.47;5.49;3.43
0.72;Ideal;E;VS2;62;56;2962;5.73;5.76;3.56
0.71;Ideal;G;VS1;62.2;56;2962;5.69;5.72;3.55
0.82;Premium;F;SI1;62.4;56;2962;6.01;5.98;3.74
0.71;Ideal;E;VS1;62.1;53;2963;5.76;5.73;3.57
0.91;Very Good;E;SI2;58.6;63;2963;6.38;6.32;3.72
0.71;Very Good;E;VS2;62.9;57;2964;5.68;5.7;3.58
0.71;Very Good;E;SI1;62.9;55;2964;5.64;5.68;3.56
0.71;Very Good;D;SI1;59.4;59;2964;5.78;5.81;3.44
0.7;Good;E;VS1;63.6;58;2964;5.61;5.56;3.55
0.7;Fair;E;VS1;64.5;57;2964;5.59;5.55;3.59
0.75;Ideal;E;SI1;61.7;56;2964;5.84;5.86;3.61
0.9;Fair;F;SI2;65.7;59;2964;6.03;5.99;3.95
0.9;Good;F;SI2;64.2;62;2964;6.08;6;3.88
0.9;Fair;J;VS1;65.4;60;2964;6.02;5.93;3.91
0.9;Premium;J;VS1;62.1;62;2964;6.12;6.05;3.78
1;Fair;G;SI1;65.7;54;2964;6.24;6.16;4.07
1.5;Fair;H;I1;65.6;54;2964;7.26;7.09;4.7
1.05;Premium;E;I1;61.4;58;2964;6.53;6.46;3.99
0.9;Fair;J;VS1;64.6;58;2964;6.12;6.06;3.93
0.71;Ideal;I;VS1;61.8;56;2965;5.68;5.72;3.52
0.71;Ideal;I;VS1;61.6;56;2965;5.71;5.75;3.53
0.71;Ideal;I;VS1;61.3;57;2965;5.73;5.76;3.52
0.71;Ideal;I;VS1;61.5;56;2965;5.72;5.76;3.52
0.7;Ideal;G;SI1;61.7;55;2965;5.7;5.73;3.53
0.7;Ideal;G;SI1;60.9;56;2965;5.73;5.79;3.51
0.73;Very Good;G;VS2;62.1;59;2966;5.68;5.73;3.54
0.85;Very Good;E;SI2;63.1;58;2966;6.02;6;3.79
0.7;Ideal;I;VVS1;61.8;56;2966;5.69;5.73;3.53
0.75;Ideal;F;SI1;61.2;55;2966;5.87;5.92;3.61
0.82;Ideal;F;SI2;60.9;57;2966;6.06;6.02;3.68
0.7;Very Good;E;VS1;61.3;56;2967;5.68;5.71;3.49
0.7;Very Good;E;VS1;61.5;56;2967;5.69;5.75;3.52
0.86;Very Good;G;SI2;62.6;56;2967;6.01;6.07;3.78
0.79;Ideal;H;VS2;62;56;2967;5.91;5.93;3.67
0.75;Very Good;E;SI1;60.2;60;2968;5.89;5.93;3.56
0.92;Premium;H;SI1;59.2;60;2968;6.4;6.35;3.76
1.13;Fair;H;I1;64.8;59;2968;6.52;6.42;4.19
0.71;Premium;D;VS2;58.7;61;2968;5.88;5.85;3.44
1.06;Premium;I;SI2;61.5;57;2968;6.57;6.49;4.02
0.9;Ideal;G;SI2;62.4;57;2968;6.16;6.13;3.84
0.8;Ideal;G;VS2;61.2;57;2969;6.02;6.07;3.7
0.52;Premium;E;VVS2;60.1;58;2970;5.23;5.18;3.13
0.72;Very Good;G;VS1;60.6;56;2970;5.84;5.87;3.55
0.7;Good;F;VS1;63.8;58;2970;5.58;5.61;3.57
0.78;Premium;E;VS2;62.6;57;2970;5.91;5.85;3.68
0.78;Ideal;H;VS2;61.6;56;2970;5.94;5.91;3.64
1.04;Good;I;SI2;59.9;64;2970;6.51;6.45;3.88
0.91;Fair;F;SI1;64.9;57;2971;6.13;6.08;3.96
0.81;Very Good;E;SI1;63.8;58;2972;5.85;5.97;3.77
0.76;Ideal;G;VS1;59.4;57;2972;5.99;6.03;3.57
0.7;Ideal;G;VS1;61.7;56;2972;5.64;5.71;3.5
0.9;Very Good;H;SI2;63.1;60;2972;6.14;6.09;3.86
0.81;Premium;H;VS1;62.6;58;2972;5.96;5.9;3.71
0.9;Very Good;J;SI2;63.3;59;2973;6.08;6.12;3.86
0.75;Ideal;G;VS1;62.3;57;2973;5.83;5.86;3.64
0.77;Ideal;D;SI2;60.6;56;2973;5.9;5.95;3.59
0.7;Ideal;E;VS1;60.5;56;2973;5.74;5.79;3.49
0.81;Very Good;E;SI1;59.5;60;2973;6.05;6.09;3.61
0.7;Good;E;VS1;59.8;62;2973;5.74;5.8;3.45
0.82;Ideal;F;SI1;62.6;57;2974;5.96;6.02;3.75
0.57;Ideal;F;IF;61.8;54;2974;5.33;5.35;3.3
0.9;Good;H;SI1;64.2;60;2974;6.05;6.02;3.87
1;Fair;D;SI2;69.3;58;2974;5.96;5.87;4.1
0.71;Ideal;G;VS2;59.5;57;2974;5.81;5.8;3.46
0.7;Very Good;F;VS1;62.1;57;2975;5.69;5.72;3.54
0.7;Premium;F;VVS2;62.2;58;2975;5.72;5.66;3.54
0.82;Very Good;E;SI2;63.3;56;2975;5.99;5.95;3.78
0.8;Ideal;F;SI1;62.8;54;2975;5.9;5.97;3.74
0.83;Premium;G;SI1;61.6;59;2975;6.02;5.99;3.7
0.83;Ideal;H;VS2;61.3;54;2975;6.1;6.06;3.73
0.77;Premium;E;SI1;60.4;58;2975;6;5.88;3.59
0.79;Ideal;F;SI1;62.5;57;2976;5.88;5.92;3.69
0.72;Ideal;E;SI1;61;56;2976;5.82;5.85;3.56
0.91;Ideal;I;SI2;63;54;2976;6.17;6.12;3.86
0.71;Very Good;G;VVS2;60.8;58;2977;5.75;5.77;3.5
0.81;Ideal;F;SI1;61.9;57;2977;5.98;6.01;3.71
0.76;Premium;D;VS2;60.9;58;2977;5.9;5.85;3.58
0.54;Ideal;F;VVS1;61.6;55;2977;5.28;5.27;3.25
0.71;Ideal;G;VVS2;62.5;58;2978;5.7;5.73;3.57
0.7;Ideal;E;VS1;61.3;54;2978;5.77;5.83;3.54
0.8;Ideal;E;SI2;61;55;2978;6;6.03;3.67
0.76;Ideal;E;SI2;62.1;56;2978;5.85;5.88;3.64
0.72;Ideal;H;VVS1;59.9;59;2979;5.76;5.82;3.47
0.7;Ideal;E;VS2;61.7;56;2979;5.74;5.71;3.53
0.86;Premium;F;SI2;61.8;58;2980;6.12;6.15;3.79
0.7;Ideal;E;VS2;61.5;57;2980;5.67;5.78;3.52
0.7;Good;D;SI1;61.3;61;2980;5.63;5.69;3.47
0.64;Good;F;IF;58.6;61;2980;5.69;5.71;3.34
0.7;Ideal;E;VS2;62.2;55;2981;5.67;5.71;3.54
0.91;Premium;I;SI2;60.2;59;2981;6.29;6.24;3.77
0.91;Ideal;I;SI2;61.6;57;2981;6.24;6.23;3.84
0.9;Good;E;SI2;58.7;63;2982;6.2;6.23;3.65
0.71;Ideal;G;VVS1;61.7;57;2982;5.7;5.75;3.53
0.9;Fair;E;SI2;65.8;59;2982;6.03;5.98;3.95
0.71;Ideal;E;VS2;59.5;57;2982;5.86;5.83;3.48
0.71;Very Good;G;VS1;60.8;63;2982;5.76;5.68;3.48
0.71;Premium;E;VS2;62.6;58;2982;5.72;5.68;3.57
0.74;Ideal;E;VS2;62.7;54;2984;5.8;5.77;3.63
0.9;Very Good;J;VS2;63.1;57;2984;6.12;6.06;3.84
1;Premium;G;I1;62.5;62;2984;6.42;6.35;3.99
0.7;Very Good;D;VS2;63.1;56;2985;5.62;5.69;3.57
0.75;Ideal;E;SI1;62.2;57;2985;5.82;5.86;3.63
0.82;Premium;H;VS1;62.3;60;2985;5.97;5.94;3.71
0.77;Very Good;G;VS1;62.8;58;2986;5.78;5.84;3.65
0.8;Ideal;I;VS1;61.9;54.1;2986;5.92;5.98;3.69
0.82;Ideal;I;VS1;61.6;57;2986;6;6.05;3.71
0.84;Ideal;G;SI2;62;56;2986;6.02;6.05;3.74
0.7;Ideal;G;VS1;61.3;59;2987;5.68;5.7;3.49
0.74;Ideal;D;SI1;61.5;56;2987;5.8;5.84;3.58
0.77;Premium;E;SI1;61.7;58;2988;5.86;5.9;3.63
0.6;Very Good;F;IF;60.1;54;2988;5.5;5.58;3.33
1.03;Very Good;G;I1;63.2;58;2988;6.44;6.34;4.04
0.76;Ideal;I;IF;61.6;55;2988;5.92;5.89;3.64
0.72;Ideal;F;VS2;62.1;54;2989;5.76;5.8;3.59
0.83;Premium;D;SI1;61.3;58;2990;6.03;6;3.69
0.76;Very Good;G;VS2;62.1;54;2990;5.88;5.94;3.67
0.72;Very Good;E;VS2;62.9;57;2990;5.68;5.73;3.59
0.57;Good;E;VVS1;59.1;65;2990;5.34;5.43;3.18
0.75;Ideal;G;VS2;60.6;55;2991;5.91;5.93;3.59
0.7;Ideal;D;VS2;60.3;60;2991;5.71;5.76;3.46
0.7;Very Good;E;VS2;62.8;56;2992;5.66;5.68;3.56
0.75;Ideal;H;VVS2;62;55.1;2992;5.83;5.85;3.62
1.06;Fair;J;SI2;61;66;2992;6.54;6.35;3.93
0.69;Very Good;F;VVS2;61.5;60;2993;5.64;5.67;3.48
0.87;Very Good;H;SI2;61;56;2993;6.15;6.19;3.77
0.75;Very Good;E;SI1;63.6;56;2993;5.73;5.75;3.65
0.7;Ideal;G;VVS2;63;55;2993;5.65;5.69;3.57
0.7;Ideal;F;VS1;62.4;55;2993;5.65;5.7;3.54
0.75;Ideal;E;SI1;61.1;57;2993;5.83;5.86;3.57
0.72;Ideal;D;SI1;61.1;59;2993;5.76;5.8;3.53
1.01;Fair;G;SI1;65.1;57;2993;6.27;6.22;4.07
0.71;Very Good;F;VS2;59.6;56;2994;5.84;5.88;3.49
0.71;Very Good;G;VS1;59.3;55;2994;5.88;5.95;3.51
0.81;Very Good;G;VS2;63.1;58;2994;5.88;5.84;3.7
1.24;Premium;J;I1;61.9;55;2994;6.92;6.85;4.26
0.81;Premium;G;VS2;62;58;2994;5.95;5.92;3.68
0.81;Premium;D;SI2;61.7;58;2994;5.97;5.93;3.67
0.73;Ideal;D;SI1;61.4;56;2995;5.78;5.82;3.56
0.7;Ideal;G;VS1;60.9;56;2995;5.76;5.8;3.52
0.91;Fair;F;SI2;65.3;51;2996;6.05;5.98;3.93
0.88;Very Good;I;VS1;63.3;55;2996;6.11;6.06;3.85
0.77;Ideal;D;SI1;61.4;56;2996;5.9;5.93;3.63
0.74;Ideal;I;VS2;61.9;55;2997;5.8;5.83;3.6
0.72;Ideal;H;SI1;61.1;56;2997;5.78;5.8;3.54
0.7;Ideal;D;VS2;62.8;57;2998;5.69;5.75;3.59
0.72;Ideal;H;VS1;61.4;56;2998;5.79;5.81;3.56
0.7;Ideal;F;VS1;61.6;57;2998;5.7;5.73;3.52
1.01;Fair;J;VVS2;66;56;2998;6.29;6.22;4.13
0.85;Fair;G;VS1;57.7;67;2998;6.26;6.19;3.59
0.7;Very Good;D;VS2;59.7;59;2999;5.82;5.78;3.46
0.73;Very Good;G;VS1;62.4;58.1;2999;5.71;5.75;3.58
1.02;Fair;H;I1;61.5;60;2999;6.4;6.34;3.92
0.87;Premium;F;SI2;61.6;58;2999;6.14;6.1;3.77
0.71;Ideal;F;SI1;61.9;56;2999;5.69;5.74;3.54
0.7;Premium;G;VVS2;60.6;60;2999;5.77;5.69;3.47
0.74;Premium;E;VS1;62.7;58;2999;5.83;5.74;3.63
0.74;Premium;E;VS1;60.9;62;2999;5.83;5.8;3.54
0.7;Premium;G;VVS2;60.2;61;2999;5.74;5.66;3.43
0.77;Ideal;E;SI1;62.5;56;3000;5.87;5.91;3.68
0.93;Good;J;VS2;63.6;61;3000;6.16;6.08;3.89
0.9;Premium;I;SI2;60.6;60;3001;6.23;6.28;3.79
0.9;Very Good;I;SI2;62.5;58;3001;6.1;6.15;3.83
0.9;Ideal;I;SI2;62;56;3001;6.16;6.2;3.83
0.72;Very Good;D;SI1;61.5;58;3001;5.74;5.78;3.54
0.7;Premium;D;VS1;61.6;61;3001;5.66;5.61;3.47
0.7;Good;D;VS1;63.6;60;3001;5.61;5.52;3.54
0.7;Very Good;D;VS1;63.4;59;3001;5.58;5.55;3.53
0.6;Ideal;G;VVS1;62.1;56;3001;5.42;5.43;3.37
0.75;Very Good;H;VVS2;60.6;57;3002;5.86;5.89;3.56
0.83;Very Good;E;SI1;62.1;58;3002;6.01;6.04;3.74
0.77;Very Good;E;SI2;60.4;58;3002;5.91;5.95;3.58
0.71;Premium;D;VS2;62.1;60;3002;5.68;5.72;3.54
0.89;Good;H;SI2;63.3;59;3002;6.04;6.09;3.84
0.72;Good;F;VS1;63.8;58;3002;5.68;5.63;3.61
0.72;Ideal;G;VVS2;61.6;55;3002;5.78;5.77;3.56
0.8;Premium;G;VS2;60.6;59;3002;6.02;5.97;3.63
0.73;Fair;F;VS1;58.6;66;3002;5.92;5.88;3.46
0.76;Ideal;E;SI1;61.5;56;3003;5.89;5.91;3.63
1.01;Fair;D;SI2;64.6;56;3003;6.31;6.24;4.05
0.65;Premium;D;VVS2;59.9;58;3003;5.69;5.63;3.39
0.81;Premium;F;SI1;61.9;58;3004;5.99;5.96;3.7
0.81;Ideal;F;SI1;61.8;55;3004;6.04;6;3.72
0.7;Ideal;H;VS1;61.7;55;3004;5.69;5.72;3.52
0.61;Ideal;E;VS1;61.3;54;3004;5.53;5.5;3.38
0.78;Ideal;G;SI1;60.6;57;3004;5.95;5.97;3.61
0.72;Ideal;F;SI1;62.3;56;3004;5.77;5.79;3.6
0.92;Premium;D;SI2;60.2;61;3004;6.32;6.27;3.79
0.75;Very Good;E;SI1;61.1;59;3005;5.85;5.9;3.59
0.55;Ideal;F;VVS1;61.2;54;3005;5.3;5.35;3.26
0.8;Very Good;H;SI1;63;57;3005;5.89;5.95;3.73
0.72;Ideal;I;VS1;60.4;56;3005;5.8;5.86;3.52
0.73;Ideal;H;VVS1;61.6;57;3005;5.81;5.78;3.57
0.91;Very Good;I;SI2;63.4;58;3006;6.08;6.12;3.87
0.91;Very Good;G;SI2;62.8;59;3006;6.09;6.14;3.84
0.71;Premium;E;VS1;61.1;58;3006;5.8;5.76;3.53
0.71;Very Good;E;VS1;63.2;60;3006;5.63;5.6;3.55
0.55;Premium;D;VVS1;60.3;59;3006;5.34;5.3;3.21
0.71;Ideal;I;VVS2;60.7;57;3007;5.76;5.8;3.51
0.71;Ideal;I;VVS2;60.4;57;3007;5.78;5.81;3.5
0.7;Premium;E;VVS2;62.7;53;3007;5.65;5.61;3.53
0.71;Ideal;G;SI1;61.3;55;3007;5.73;5.79;3.53
0.71;Ideal;G;SI1;61.6;55;3007;5.72;5.78;3.54
0.71;Ideal;G;SI1;61.9;56;3007;5.73;5.76;3.55
0.71;Ideal;G;SI1;61.6;57;3007;5.73;5.76;3.54
0.71;Ideal;G;SI1;61.4;56;3007;5.72;5.77;3.53
0.76;Ideal;D;SI1;61.2;57;3007;5.88;5.91;3.61
0.91;Very Good;F;SI1;63.1;60;3007;6.13;6.1;3.86
0.7;Very Good;D;VS1;60.4;58;3008;5.71;5.78;3.47
0.61;Ideal;G;VVS1;61.2;56;3008;5.46;5.48;3.35
0.7;Ideal;F;VS2;61.3;57;3008;5.7;5.76;3.51
0.82;Premium;H;VS1;62.5;59;3008;5.96;5.94;3.72
0.71;Very Good;E;VS1;63.7;58;3009;5.63;5.68;3.6
0.71;Very Good;E;VS1;62.1;57;3009;5.67;5.69;3.53
0.71;Very Good;E;VS1;63.4;58;3009;5.64;5.68;3.59
0.74;Very Good;E;SI1;61.3;58;3009;5.8;5.84;3.57
0.83;Ideal;F;SI1;62.1;57;3010;6;6.02;3.73
0.83;Very Good;F;SI1;62.1;58;3010;5.98;6.06;3.74
0.8;Ideal;I;VS1;60.7;59;3010;5.98;6.02;3.64
0.8;Ideal;D;SI1;62.2;57;3011;5.89;5.85;3.65
0.73;Very Good;G;VS1;60.7;55;3011;5.87;5.89;3.57
1;Very Good;G;I1;62.5;62;3011;6.42;6.35;3.99
1.2;Fair;J;I1;64.9;59;3011;6.61;6.54;4.27
1.2;Fair;I;I1;62.2;66;3011;6.77;6.7;4.2
1.2;Fair;I;I1;66.2;55;3011;6.61;6.51;4.34
0.61;Ideal;E;VVS2;62;54;3011;5.43;5.47;3.38
0.7;Ideal;F;VS2;61.9;55;3011;5.7;5.74;3.54
0.7;Ideal;F;VS2;61.8;57;3011;5.67;5.75;3.53
0.7;Ideal;F;VS2;62.7;55;3011;5.66;5.69;3.56
0.7;Ideal;F;VS2;61.4;58;3011;5.7;5.73;3.51
0.77;Ideal;D;SI2;62.3;55;3011;5.9;5.85;3.66
0.75;Ideal;H;SI1;61.9;55;3011;5.82;5.85;3.61
0.75;Ideal;H;SI1;61.9;56;3011;5.81;5.85;3.61
1;Fair;E;SI2;55.4;62;3011;6.63;6.59;3.66
0.78;Very Good;G;VS2;61.3;60;3012;5.89;5.96;3.63
0.82;Ideal;E;SI2;62.2;57;3012;6;5.97;3.72
0.72;Ideal;G;VS2;61.7;56;3012;5.74;5.78;3.55
0.72;Ideal;E;SI1;61;57;3012;5.77;5.8;3.53
0.78;Ideal;H;VVS2;61.7;55;3015;5.9;5.94;3.65
0.81;Ideal;E;SI2;61;56;3015;5.99;6.05;3.67
0.72;Very Good;D;VS2;62.1;59;3016;5.7;5.73;3.55
0.7;Premium;E;VS1;61.8;58;3016;5.71;5.75;3.54
0.7;Ideal;E;VS1;62.7;57;3016;5.65;5.7;3.56
0.9;Good;F;SI2;64.2;62;3016;6;6.08;3.88
0.76;Ideal;H;VS2;61.9;55;3016;5.85;5.88;3.64
0.96;Premium;E;SI2;62.8;60;3016;6.3;6.24;3.94
0.9;Ideal;H;SI2;62.8;55;3016;6.18;6.11;3.86
0.7;Very Good;G;VS1;60.1;60;3017;5.73;5.76;
0.72;Premium;E;VS2;62.5;59;3024;5.73;5.7;3.57
0.75;Good;D;SI1;63.6;58;3024;5.77;5.65;3.63
0.75;Premium;E;SI1;61.7;60;3024;5.84;5.8;3.59
0.72;Very Good;G;VS1;60.1;63;3024;5.86;5.82;3.51
0.75;Premium;D;SI1;59.2;58;3024;5.96;5.93;3.52
0.65;Very Good;D;VVS2;57.7;60;3025;5.69;5.74;3.3
0.7;Very Good;G;VS2;61.8;55;3026;5.69;5.74;3.53
0.59;Ideal;E;VVS2;61.8;57;3026;5.35;5.4;3.32
0.71;Ideal;E;VS2;62.3;56;3026;5.7;5.73;3.56
0.83;Ideal;H;VS2;61.3;54;3027;6.06;6.1;3.73
1.02;Fair;J;SI1;66.8;55;3027;6.25;6.18;4.15
1;Fair;G;SI2;64.9;57;3027;6.29;6.2;4.05
1.02;Premium;G;SI2;61.7;58;3027;6.46;6.41;3.97
0.77;Good;H;VVS2;57.9;61;3027;6.07;6.01;3.5
0.7;Very Good;F;VVS2;58.5;60;3028;5.82;5.94;3.44
0.8;Ideal;H;VS2;62.1;54;3030;5.96;5.99;3.71
0.74;Ideal;H;VS1;61.6;55;3030;5.79;5.83;3.58
0.77;Fair;F;VS1;66.8;57;3031;5.66;5.76;3.82
0.72;Premium;G;VS1;58.9;58;3032;5.93;5.85;3.47
1.01;Good;E;I1;63.8;57;3032;6.4;6.33;4.06
1.01;Very Good;H;SI2;63.5;55;3032;6.32;6.27;4
0.55;Ideal;F;VVS1;61.2;54;3032;5.35;5.3;3.26
0.71;Very Good;D;VS2;63;57;3033;5.67;5.7;3.58
0.73;Ideal;G;VS1;61.6;57;3033;5.76;5.79;3.56
0.76;Ideal;E;SI1;62.5;57;3033;5.8;5.82;3.63
0.52;Ideal;E;IF;61.1;57;3033;5.17;5.21;3.17
0.7;Good;D;VS2;64.1;59;3033;5.56;5.49;3.54
0.7;Very Good;D;VS2;63.2;60;3033;5.61;5.56;3.53
0.7;Good;D;VS2;63.9;58;3033;5.62;5.58;3.58
0.92;Fair;I;VS2;64.4;58;3033;6.13;6.1;3.94
0.91;Premium;H;SI1;63;57;3033;6.19;6.1;3.87
0.91;Ideal;I;SI2;61.6;57;3034;6.23;6.24;3.84
0.91;Good;I;SI2;60.2;59;3034;6.24;6.29;3.77
0.7;Ideal;G;VS1;61.4;57;3034;5.7;5.73;3.51
0.72;Very Good;E;VS2;63.8;57;3035;5.66;5.69;3.62
0.71;Ideal;E;VS2;59.5;57;3035;5.83;5.86;3.48
0.72;Ideal;G;VS1;62.4;59;3035;5.71;5.74;3.57
0.78;Ideal;D;SI1;62.4;57;3035;5.87;5.89;3.67
0.71;Ideal;D;SI1;60.6;57;3035;5.82;5.72;3.5
0.8;Very Good;H;VVS2;62.9;56;3036;5.9;5.96;3.73
0.74;Ideal;E;VS2;62.6;56;3036;5.73;5.81;3.61
0.74;Premium;D;SI1;62.4;59;3036;5.73;5.8;3.6
0.61;Ideal;D;VVS2;62.4;58;3036;5.38;5.42;3.37
0.78;Ideal;F;SI1;61;55;3036;6;5.96;3.65
0.7;Very Good;G;VVS1;63.3;57;3037;5.59;5.63;3.55
0.72;Ideal;E;SI1;62.2;58;3037;5.72;5.75;3.57
0.76;Ideal;H;VS2;61.4;57;3038;5.85;5.88;3.6
0.7;Ideal;H;VS2;61.5;56;3038;5.71;5.73;3.52
0.73;Ideal;E;SI1;62.2;56;3038;5.76;5.79;3.59
0.7;Very Good;G;VVS2;61;59;3039;5.67;5.7;3.47
0.7;Fair;F;VS1;64.9;59;3039;5.56;5.59;3.62
0.77;Very Good;D;SI1;62.1;58;3040;5.84;5.89;3.64
0.92;Premium;I;SI2;61.5;59;3040;6.27;6.21;3.84
0.73;Ideal;G;VS1;61.8;57;3041;5.78;5.81;3.58
0.71;Ideal;F;VS1;62.7;57;3041;5.66;5.7;3.56
0.71;Ideal;F;VS1;61.7;55;3041;5.73;5.77;3.55
0.81;Good;I;VS1;59.4;56;3042;5.97;6.11;3.59
0.71;Ideal;G;VVS2;62.5;57;3042;5.73;5.7;3.57
0.72;Very Good;G;VVS2;60.4;58;3043;5.77;5.82;3.5
0.81;Premium;F;SI1;61.9;59;3043;5.97;5.95;3.69
0.81;Ideal;I;SI1;61.3;56;3043;6.27;6.23;3.83
0.77;Very Good;F;SI1;59.6;60;3044;5.95;5.97;3.55
0.83;Ideal;G;SI1;62.1;57;3044;6.03;5.95;3.72
0.71;Very Good;F;VS1;62.2;55;3045;5.68;5.74;3.56
0.71;Very Good;F;VS1;61.2;57;3045;5.73;5.77;3.52
0.78;Very Good;F;SI1;62.4;58;3045;5.83;5.86;3.65
0.71;Very Good;D;VS2;62.8;56;3045;5.67;5.7;3.57
0.72;Premium;D;VS2;60.2;60;3045;5.76;5.81;3.48
1.14;Ideal;J;SI1;60.2;57;3045;6.81;6.71;4.07
0.75;Ideal;E;SI1;60.8;56;3045;5.91;5.89;3.59
0.75;Very Good;D;SI1;59.7;62;3046;5.89;5.94;3.53
0.7;Good;G;VVS2;61.1;61;3046;5.67;5.69;3.47
0.79;Very Good;F;SI1;61.5;58;3047;5.94;5.97;3.66
0.73;Fair;D;VS1;66;54;3047;5.56;5.66;3.7
0.91;Premium;G;SI2;60.1;62;3047;6.24;6.2;3.73
0.91;Premium;G;SI2;62.8;59;3047;6.14;6.12;3.85
0.93;Ideal;I;SI2;62.3;57;3047;6.22;6.2;3.87
0.82;Very Good;F;SI1;63.9;56.9;3048;5.85;5.92;3.76
0.75;Very Good;D;SI1;61.8;57;3048;5.78;5.81;3.58
0.72;Premium;H;IF;58.7;59;3048;5.94;5.88;3.47
0.72;Ideal;G;SI1;61.8;56;3048;5.7;5.76;3.55
0.72;Good;E;VS1;57.9;60;3048;5.97;5.91;3.44
0.72;Very Good;E;VS1;63.1;56;3048;5.7;5.65;3.58
0.9;Ideal;J;VS1;62.6;55;3048;6.13;6.11;3.83
0.72;Premium;D;SI1;60.5;57;3048;5.89;5.85;3.55
0.72;Premium;D;SI1;62.6;54;3048;5.78;5.72;3.6
0.75;Ideal;E;SI1;61.4;55;3049;5.8;5.86;3.58
0.66;Ideal;D;VVS2;61.6;57;3049;5.64;5.57;3.45
0.83;Ideal;E;SI2;61.9;53;3049;6.08;6.04;3.75
0.62;Very Good;D;VVS2;58.1;63;3050;5.59;5.66;3.27
0.8;Very Good;E;SI1;63.1;56;3050;5.93;5.83;3.71
0.76;Ideal;H;SI1;61.3;55;3050;5.87;5.93;3.62
0.76;Ideal;H;SI1;61.4;55;3050;5.82;5.9;3.6
0.82;Good;E;SI2;61.8;56;3050;5.95;5.99;3.69
0.81;Ideal;E;SI2;62.1;57;3050;5.97;5.91;3.69
1.02;Good;E;I1;63.1;60;3051;6.31;6.4;4.01
0.66;Very Good;G;IF;60.5;59;3051;5.69;5.74;3.46
0.7;Very Good;D;VS2;62.5;55;3052;5.65;5.71;3.55
0.77;Ideal;F;VS2;61.2;57;3052;5.93;5.97;3.64
0.7;Very Good;G;VVS2;60.2;61;3052;5.66;5.74;3.43
1.03;Fair;G;SI1;66.1;56;3052;6.26;6.2;4.12
0.7;Very Good;D;VS2;62.6;58;3053;5.67;5.7;3.56
0.71;Very Good;E;VS2;59.9;59;3053;5.79;5.83;3.48
0.7;Very Good;F;VS1;62.8;59;3053;5.65;5.69;3.56
0.71;Ideal;E;VS2;60.9;56;3053;5.77;5.83;3.53
0.81;Ideal;F;SI2;62.3;54;3053;5.94;5.98;3.72
0.78;Ideal;E;SI2;61;56;3053;5.92;5.98;3.63
0.75;Ideal;E;SI1;61.3;57;3053;5.84;5.91;3.6
0.79;Very Good;E;SI1;63.2;56;3053;5.91;5.83;3.71
0.79;Premium;G;VS1;62.3;56;3053;5.94;5.87;3.68
0.79;Premium;G;VS1;61.3;59;3053;5.97;5.91;3.64
0.79;Ideal;E;SI1;62.1;54;3053;5.96;5.92;3.69
0.7;Very Good;D;VS1;62.9;60;3054;5.62;5.67;3.55
1.01;Premium;H;SI2;61.1;60;3054;6.46;6.41;3.93
1.01;Premium;I;SI2;61.9;58;3054;6.45;6.41;3.98
1.01;Fair;I;SI2;66.1;58;3054;6.21;6.04;4.05
1.01;Fair;I;SI2;68.1;59;3054;6.14;6.11;4.17
0.78;Very Good;E;SI1;60.9;57;3055;5.93;5.97;3.62
0.65;Very Good;D;VVS2;59.9;58;3056;5.63;5.69;3.39
0.61;Ideal;E;VVS2;60.8;56;3056;5.5;5.47;3.34
0.78;Ideal;G;SI1;61.7;56;3056;5.9;5.93;3.65
0.76;Ideal;E;SI1;62.4;54;3056;5.84;5.86;3.65
0.9;Very Good;I;SI2;61.5;61;3057;6.13;6.16;3.78
0.92;Very Good;D;SI2;60.2;61;3057;6.27;6.32;3.79
0.57;Ideal;F;VVS1;61.1;55;3057;5.36;5.44;3.3
0.76;Good;F;VS1;59.9;61;3057;5.89;5.98;3.56
0.9;Good;I;SI2;60.7;58;3057;6.17;6.21;3.76
0.82;Fair;H;SI1;64.9;58;3057;5.82;5.77;3.76
0.91;Good;F;SI2;63.9;56;3058;6.11;6.06;3.89
0.79;Premium;D;SI1;61.4;59;3058;5.96;5.89;3.64
0.91;Premium;J;VS2;61.6;58;3058;6.28;6.23;3.85
0.72;Very Good;F;VS1;62.1;59;3059;5.69;5.74;3.55
0.81;Very Good;E;SI2;62.9;56;3059;5.87;5.9;3.7
0.71;Very Good;E;VS1;61.8;56;3059;5.74;5.78;3.56
1.03;Very Good;G;I1;62.4;57;3060;6.41;6.45;4.01
0.9;Good;G;SI2;63.6;57;3060;6.1;6.04;3.86
0.74;Very Good;H;VVS1;62.4;57;3061;5.76;5.81;3.61
0.7;Very Good;E;VS1;61.1;55;3061;5.72;5.77;3.51
0.71;Very Good;E;VS1;63.3;56;3061;5.64;5.68;3.58
0.9;Very Good;J;SI1;63.8;56;3061;6.11;6.14;3.91
0.71;Ideal;G;SI1;61.5;55;3061;5.75;5.79;3.55
0.91;Good;I;SI2;57.9;60;3061;6.46;6.39;3.72
0.71;Fair;G;VVS1;62.8;57;3062;5.67;5.57;3.53
0.7;Premium;F;VVS2;58.7;60;3062;5.8;5.75;3.39
0.72;Ideal;D;SI1;61.5;56.5;3062;5.76;5.79;3.55
0.9;Fair;F;SI2;65.7;63;3062;6.01;5.96;3.93
0.71;Premium;E;VS2;62.2;59;3062;5.71;5.61;3.52
0.71;Premium;E;VS2;62;61;3062;5.71;5.65;3.52
0.93;Premium;J;VS1;60.3;58;3062;6.37;6.31;3.82
0.7;Very Good;E;VS1;62.2;57;3063;5.63;5.68;3.52
0.7;Very Good;E;VS1;62.5;56;3063;5.64;5.68;3.54
0.76;Ideal;D;SI1;62.8;57;3075;5.81;5.85;3.66
0.79;Ideal;E;SI1;62.9;55;3075;5.93;5.86;3.71
0.79;Very Good;E;SI1;60.4;59;3077;5.97;5.99;3.61
0.79;Very Good;E;SI1;63.7;58;3077;5.79;5.85;3.71
0.73;Ideal;E;VS2;62.7;56;3077;5.75;5.8;3.62
0.71;Fair;D;VS2;64.7;58;3077;5.61;5.58;3.62
0.71;Premium;D;VS2;60.3;62;3077;5.76;5.69;3.45
0.75;Good;D;SI1;63.6;58;3078;5.65;5.77;3.63
0.72;Premium;E;VS2;62.5;59;3078;5.7;5.73;3.57
0.83;Premium;D;SI2;62.7;56;3078;6.01;5.98;3.76
0.76;Ideal;E;VS2;61.3;56;3079;5.79;5.83;3.56
0.94;Good;I;SI2;63.8;60;3079;6.21;6.14;3.94
0.91;Fair;D;SI2;62.5;66;3079;6.08;6.01;3.78
1;Very Good;E;I1;62.3;58;3080;6.33;6.38;3.96
1;Ideal;H;I1;61.3;57;3080;6.41;6.44;3.94
1;Fair;J;VS1;66.6;57;3080;6.07;6.03;4.03
1;Premium;H;SI2;59.4;60;3080;6.49;6.4;3.83
1;Premium;H;SI2;62.8;60;3080;6.46;6.34;4.02
0.82;Premium;F;SI1;61.1;60;3080;6.02;5.96;3.66
0.71;Ideal;H;VS2;61.8;55;3080;5.75;5.78;3.56
0.71;Ideal;H;VS2;61.8;55;3080;5.73;5.75;3.55
0.79;Very Good;D;SI2;63.2;57;3081;5.81;5.86;3.69
0.75;Ideal;F;VS2;62.1;57;3081;5.8;5.82;3.61
0.79;Ideal;F;SI1;62;55;3081;5.93;5.95;3.68
0.71;Ideal;E;VS1;62.2;57;3081;5.74;5.7;3.56
0.8;Very Good;F;SI1;63.5;58;3082;5.89;5.85;3.73
0.91;Very Good;H;SI1;63.4;55;3082;6.18;6.15;3.91
0.6;Ideal;E;VVS1;62.5;53.7;3082;5.35;5.43;3.38
0.6;Ideal;E;VVS1;62;53.7;3082;5.4;5.44;3.36
0.7;Good;D;VS2;57.7;60;3082;5.83;5.86;3.37
0.91;Very Good;J;VS1;63.5;55;3082;6.22;6.12;3.92
0.71;Premium;F;VS1;58.6;62;3082;5.88;5.82;3.43
0.86;Premium;H;VS2;61.3;59;3082;6.17;6.1;3.76
0.8;Ideal;F;SI1;61;56;3082;6.05;5.98;3.67
0.8;Premium;F;SI1;60.1;58;3082;6.07;6.05;3.64
0.8;Premium;D;SI2;61.1;58;3082;5.94;5.9;3.62
0.92;Premium;F;SI2;62.1;60;3083;6.21;6.26;3.87
0.72;Very Good;F;VS1;63.2;57;3083;5.69;5.73;3.61
1.01;Premium;H;SI2;59.4;62;3083;6.47;6.43;3.83
0.71;Very Good;D;VS2;61.8;55;3084;5.72;5.74;3.54
0.72;Ideal;D;VS2;61.8;57;3099;5.76;5.73;3.55
